[
    {
        "id": 1,
        "firstName": "varun",
        "lastName": "reddy",
        "gender": "male",
        "address": "lb nagar",
        "city": "hyderabad",
        "state": {
            "abbreviation": "TS",
            "name": "Telangana"
        },
        "orders": [
            {
                "productName": "Basketball",
                "itemCost": 7.99
            },
            {
                "productName": "Shoes",
                "itemCost": 199.99
            }
        ],
        "latitude": 17.3457176,
        "longitude": 78.55222959999992
    },
    {
        "id": 2,
        "firstName": "venugopal",
        "lastName": "Reddy",
        "gender": "male",
        "address": "ecil",
        "city": "hyderabad",
        "state": {
            "abbreviation": "Ts",
            "name": "Telangana"
        },
        "orders": [
            {
                "productName": "Frisbee",
                "itemCost": 2.99
            },
            {
                "productName": "Hat",
                "itemCost": 5.99
            }
        ],
        "latitude": 17.469093,
        "longitude": 78.57727669999997
    },
    {
        "id": 3,
        "firstName": "arun",
        "lastName": "joshi",
        "gender": "male",
        "address": "dilsuknagar",
        "city": "hyderabad ",
        "state": {
            "abbreviation": "Ts",
            "name": "Telangana"
        },
        "orders": [
            {
                "productName": "Frisbee",
                "itemCost": 2.99
            },
            {
                "productName": "Hat",
                "itemCost": 5.99
            }
        ],
        "latitude": 17.3687826,
        "longitude": 78.52467060000004
    },
    {
        "id": 4,
        "firstName": "puli",
        "lastName": "tejaswi",
        "gender": "female",
        "address": "gachibowli",
        "city": "hyderabad ",
        "state": {
            "abbreviation": "Ts",
            "name": "Telangana"
        },
        "orders": [
            {
                "productName": "Frisbee",
                "itemCost": 2.99
            },
            {
                "productName": "Hat",
                "itemCost": 5.99
            }
        ],
        "latitude": 17.4400802,
        "longitude": 78.3489168
    },
    {
        "id": 5,
        "firstName": "jay",
        "lastName": "krishna",
        "gender": "male",
        "address": "mumbai central",
        "city": "mumbai ",
        "state": {
            "abbreviation": "MH",
            "name": "Maharastra"
        },
        "orders": [
            {
                "productName": "Frisbee",
                "itemCost": 2.99
            },
            {
                "productName": "Hat",
                "itemCost": 5.99
            }
        ],
        "latitude": 18.971022,
        "longitude": 72.81952189999993
    },
    {
        "id": 6,
        "firstName": "sai",
        "lastName": "chaitanya",
        "gender": "male",
        "address": "palakkad",
        "city": "palakkad",
        "state": {
            "abbreviation": "KL",
            "name": "Kerala"
        },
        "orders": [
            {
                "productName": "Frisbee",
                "itemCost": 2.99
            },
            {
                "productName": "Hat",
                "itemCost": 5.99
            }
        ],
        "latitude": 10.7867303,
        "longitude": 76.65479319999997
    },
    {
        "id": 7,
        "firstName": "sampath",
        "lastName": "Reddy",
        "gender": "male",
        "address": "mapusa",
        "city": "goa ",
        "state": {
            "abbreviation": "Ga",
            "name": "Goa"
        },
        "orders": [
            {
                "productName": "Frisbee",
                "itemCost": 2.99
            },
            {
                "productName": "Hat",
                "itemCost": 5.99
            }
        ],
        "latitude": 15.6002273,
        "longitude": 73.81249839999998
    },
    {
        "id": 8,
        "firstName": "prince",
        "lastName": "madhu",
        "gender": "male",
        "address": "gachibowli",
        "city": "hyderabad ",
        "state": {
            "abbreviation": "Ts",
            "name": "Telangana"
        },
        "orders": [
            {
                "productName": "Frisbee",
                "itemCost": 2.99
            },
            {
                "productName": "Hat",
                "itemCost": 5.99
            }
        ],
        "latitude": 17.4400802,
        "longitude": 78.34891679999998
    },
    {
        "id": 9,
        "firstName": "vinay",
        "lastName": "varma",
        "gender": "male",
        "address": "India gate",
        "city": "Newdelhi ",
        "state": {
            "abbreviation": "DL",
            "name": "Delhi"
        },
        "orders": [
            {
                "productName": "Frisbee",
                "itemCost": 2.99
            },
            {
                "productName": "Hat",
                "itemCost": 5.99
            }
        ],
        "latitude": 28.612912,
        "longitude": 77.2295097
    },
    {
        "id": 9,
        "firstName": "rohith",
        "lastName": "singh",
        "gender": "male",
        "address": "vishakapatnam port",
        "city": "Andhrapradesh ",
        "state": {
            "abbreviation": "AP",
            "name": "Andrapradesh"
        },
        "orders": [
            {
                "productName": "Frisbee",
                "itemCost": 2.99
            },
            {
                "productName": "Hat",
                "itemCost": 5.99
            }
        ],
        "latitude": 17.6831436,
        "longitude": 83.23989430000006
    },
    {
        "id": 10,
        "firstName": "priyanka",
        "lastName": "Reddy",
        "gender": "female",
        "address": "Indiranagar",
        "city": "Bangalore",
        "state": {
            "abbreviation": "KA",
            "name": "Karnataka"
        },
        "orders": [
            {
                "productName": "Frisbee",
                "itemCost": 2.99
            },
            {
                "productName": "Hat",
                "itemCost": 5.99
            }
        ],
        "latitude": 12.9718915,
        "longitude": 77.64115449999997
    },
    {
        "id": 11,
        "firstName": "pavan",
        "lastName": "kumar",
        "gender": "male",
        "address": "Anna Nagar",
        "city": "chennai ",
        "state": {
            "abbreviation": "TN",
            "name": "Tamilnadu"
        },
        "orders": [
            {
                "productName": "Frisbee",
                "itemCost": 2.99
            },
            {
                "productName": "Hat",
                "itemCost": 5.99
            }
        ],
        "latitude": 13.0891361,
        "longitude": 80.20956219999994
    },
    {
        "id": 12,
        "firstName": "Arun",
        "lastName": "Reddy",
        "gender": "male",
        "address": "Bhakthi Nagar",
        "city": "Rajkot",
        "state": {
            "abbreviation": "GJ",
            "name": "Gujarat"
        },
        "orders": [
            {
                "productName": "Frisbee",
                "itemCost": 2.99
            },
            {
                "productName": "Hat",
                "itemCost": 5.99
            }
        ],
        "latitude": 22.2667605,
        "longitude": 70.80902220000007
    },
    {
        "id": 13,
        "firstName": "rakesh",
        "lastName": "Reddy",
        "gender": "male",
        "address": "Shivaji Nagar",
        "city": "Pune",
        "state": {
            "abbreviation": "MH",
            "name": "maharastra"
        },
        "orders": [
            {
                "productName": "Frisbee",
                "itemCost": 2.99
            },
            {
                "productName": "Hat",
                "itemCost": 5.99
            }
        ],
        "latitude": 18.5308225,
        "longitude": 73.84746470000005
    },
    {
        "id": 14,
        "firstName": "charan",
        "lastName": "Reddy",
        "gender": "male",
        "address": "phool bagan",
        "city": "Kolkata ",
        "state": {
            "abbreviation": "WB",
            "name": "west bengal"
        },
        "orders": [
            {
                "productName": "Frisbee",
                "itemCost": 2.99
            },
            {
                "productName": "Hat",
                "itemCost": 5.99
            }
        ],
        "latitude": 22.5701957,
        "longitude": 88.39675360000001
    },
    {
        "id": 15,
        "firstName": "praveen",
        "lastName": "Reddy",
        "gender": "male",
        "address": "bihar",
        "city": "bihar",
        "state": {
            "abbreviation": "UP",
            "name": "Uttarpradesh"
        },
        "orders": [
            {
                "productName": "Frisbee",
                "itemCost": 2.99
            },
            {
                "productName": "Hat",
                "itemCost": 5.99
            }
        ],
        "latitude": 25.6980509,
        "longitude": 81.61583819999998
    },
    {
        "id": 16,
        "firstName": "nikhil",
        "lastName": "swaroop",
        "gender": "male",
        "address": "Nagpur",
        "city": "Nagpur ",
        "state": {
            "abbreviation": "MH",
            "name": "maharastra"
        },
        "orders": [
            {
                "productName": "Frisbee",
                "itemCost": 2.99
            },
            {
                "productName": "Hat",
                "itemCost": 5.99
            }
        ],
        "latitude": 21.1458004,
        "longitude": 79.08815460000005
    },
    {
        "id": 17,
        "firstName": "ram",
        "lastName": "pothineni",
        "gender": "male",
        "address": "Tirupati",
        "city": "Tirupati ",
        "state": {
            "abbreviation": "AP",
            "name": "Andarpradash"
        },
        "orders": [
            {
                "productName": "Frisbee",
                "itemCost": 2.99
            },
            {
                "productName": "Hat",
                "itemCost": 5.99
            }
        ],
        "latitude": 13.6287557,
        "longitude": 79.41917949999993
    },
    {
        "id": 18,
        "firstName": "Tejaswi",
        "lastName": "Reddy",
        "gender": "female",
        "address": "Abids",
        "city": "hyderabad ",
        "state": {
            "abbreviation": "Ts",
            "name": "Telangana"
        },
        "orders": [
            {
                "productName": "Frisbee",
                "itemCost": 2.99
            },
            {
                "productName": "Hat",
                "itemCost": 5.99
            }
        ],
        "latitude": 17.393,
        "longitude": 78.47299999999996
    },
    {
        "id": 19,
        "firstName": "shireesha",
        "lastName": "Reddy",
        "gender": "female",
        "address": "madhapur",
        "city": "hyderabad ",
        "state": {
            "abbreviation": "Ts",
            "name": "Telangana"
        },
        "orders": [
            {
                "productName": "Frisbee",
                "itemCost": 2.99
            },
            {
                "productName": "Hat",
                "itemCost": 5.99
            }
        ],
        "latitude": 17.4482929,
        "longitude": 78.39148509999995
    },
    {
        "id": 20,
        "firstName": "srikanth",
        "lastName": "Reddy",
        "gender": "male",
        "address": "uppal",
        "city": "hyderabad ",
        "state": {
            "abbreviation": "Ts",
            "name": "Telangana"
        },
        "orders": [
            {
                "productName": "Frisbee",
                "itemCost": 2.99
            },
            {
                "productName": "Hat",
                "itemCost": 5.99
            }
        ],
        "latitude": 17.3983774,
        "longitude": 78.55826520000005
    },
    {
        "id": 21,
        "firstName": "sruthi",
        "lastName": "smily",
        "gender": "female",
        "address": "secundrabad",
        "city": "hyderabad ",
        "state": {
            "abbreviation": "Ts",
            "name": "Telangana"
        },
        "orders": [
            {
                "productName": "Frisbee",
                "itemCost": 2.99
            },
            {
                "productName": "Hat",
                "itemCost": 5.99
            }
        ],
        "latitude": 17.4399295,
        "longitude": 78.4982741
    },
    {
        "id": 22,
        "firstName": "victory",
        "lastName": "venky",
        "gender": "male",
        "address": "Lonavala",
        "city": "pune ",
        "state": {
            "abbreviation": "MH",
            "name": "Maharastra"
        },
        "orders": [
            {
                "productName": "Frisbee",
                "itemCost": 2.99
            },
            {
                "productName": "Hat",
                "itemCost": 5.99
            }
        ],
        "latitude": 18.7546171,
        "longitude": 73.40623419999997
    }
]