[
  {
    "_id": "56f861a8a38a3d28e63b6c6b",
    "id": 1,
    "name": "Telangana",
    "abbreviation": "TS"
  },
  {
    "_id": "56f861a8a38a3d28e63b6c6d",
    "id": 2,
    "name": "Telangana",
    "abbreviation": "TS"
  },
  {
    "_id": "56f861a8a38a3d28e63b6c6d",
    "id": 3,
    "name": "Telangana",
    "abbreviation": "TS"
  },
  {
    "_id": "56f861a8a38a3d28e63b6c6d",
    "id": 4,
    "name": "Telangana",
    "abbreviation": "TS"
  },
  {
    "_id": "56f861a8a38a3d28e63b6c6d",
    "id": 5,
    "name": "Maharastra",
    "abbreviation": "MH"
  },
  {
    "_id": "56f861a8a38a3d28e63b6c6d",
    "id": 6,
    "name": "Kerala",
    "abbreviation": "KL"
  },
  {
    "_id": "56f861a8a38a3d28e63b6c6d",
    "id": 7,
    "name": "Goa",
    "abbreviation": "GA"
  },
  {
    "_id": "56f861a8a38a3d28e63b6c6d",
    "id": 8,
    "name": "Delhi",
    "abbreviation": "DL"
  },
  {
    "_id": "56f861a8a38a3d28e63b6c6d",
    "id": 9,
    "name": "Andrapradesh",
    "abbreviation": "AP"
  },
  {
    "_id": "56f861a8a38a3d28e63b6c6d",
    "id": 10,
    "name": "Karnataka",
    "abbreviation": "KA"
  },
  {
    "_id": "56f861a8a38a3d28e63b6c6d",
    "id": 11,
    "name": "Tamilnadu",
    "abbreviation": "TN"
  },
  {
    "_id": "56f861a8a38a3d28e63b6c6d",
    "id": 12,
    "name": "Gujarat",
    "abbreviation": "GJ"
  },
  {
    "_id": "56f861a8a38a3d28e63b6c6d",
    "id": 13,
    "name": "Maharastra",
    "abbreviation": "MH"
  },
  {
    "_id": "56f861a8a38a3d28e63b6c6d",
    "id": 14,
    "name": "West bengal",
    "abbreviation": "WB"
  },
  {
    "_id": "56f861a8a38a3d28e63b6c6d",
    "id": 15,
    "name": "Uttarpradesh",
    "abbreviation": "UP"
  },
  {
    "_id": "56f861a8a38a3d28e63b6c6d",
    "id": 16,
    "name": "Maharastra",
    "abbreviation": "MH"
  },
  {
    "_id": "56f861a8a38a3d28e63b6c6d",
    "id": 17,
    "name": "Andhrapradesh",
    "abbreviation": "AP"
  },
  {
    "_id": "56f861a8a38a3d28e63b6c6d",
    "id": 18,
    "name": "Telangana",
    "abbreviation": "TS"
  },
  {
    "_id": "56f861a8a38a3d28e63b6c6d",
    "id": 19,
    "name": "Telangana",
    "abbreviation": "TS"
  },
  {
    "_id": "56f861a8a38a3d28e63b6c6d",
    "id": 20,
    "name": "Telangana",
    "abbreviation": "TS"
  },
  {
    "_id": "56f861a8a38a3d28e63b6c6d",
    "id": 21,
    "name": "Telangana",
    "abbreviation": "TS"
  },
  {
    "_id": "56f861a8a38a3d28e63b6c6d",
    "id": 22,
    "name": "Telangana",
    "abbreviation": "TS"
  }
]