<?xml version="1.0" encoding="UTF-8"?>
<project-private xmlns="http://www.netbeans.org/ns/project-private/1">
    <editor-bookmarks xmlns="http://www.netbeans.org/ns/editor-bookmarks/2" lastBookmarkId="0"/>
    <open-files xmlns="http://www.netbeans.org/ns/projectui-open-files/2">
        <group>
            <file>file:/H:/NBITS_Practice/JS_Practice1/public_html/objects.html</file>
            <file>file:/H:/NBITS_Practice/JS_Practice1/public_html/two_script_files.html</file>
            <file>file:/H:/NBITS_Practice/JS_Practice1/public_html/script2.js</file>
            <file>file:/H:/NBITS_Practice/JS_Practice1/public_html/script1.js</file>
            <file>file:/H:/NBITS_Practice/JS_Practice1/public_html/index.js</file>
            <file>file:/H:/NBITS_Practice/JS_Practice1/public_html/data.js</file>
            <file>file:/H:/NBITS_Practice/JS_Practice1/public_html/call_apply_bind_methods.html</file>
            <file>file:/H:/NBITS_Practice/JS_Practice1/public_html/prototype_chaining.html</file>
            <file>file:/H:/NBITS_Practice/JS_Practice1/public_html/dataJS_Test.html</file>
            <file>file:/H:/NBITS_Practice/JS_Practice1/public_html/third_party_library_ready_function.html</file>
            <file>file:/H:/NBITS_Practice/JS_Practice1/public_html/promise.html</file>
            <file>file:/H:/NBITS_Practice/JS_Practice1/public_html/ajax.html</file>
        </group>
    </open-files>
</project-private>
